candidate_id,rank,score,reasoning
CAND_0005538,1,1.0000,Their background aligns strongly with our core ranking and retrieval requirements. They have documented experience handling large-scale engineering systems and infrastructure. The semantic density of their resume closely matches the JD's focus on search ecosystems.
CAND_0006567,2,0.9950,"Their background aligns strongly with our core ranking and retrieval requirements. Critically, they demonstrate concrete production deployment capabilities, distinguishing them from purely academic profiles. Analysis of their project descriptions reveals strong overlap with our specific machine learning needs."
CAND_0088025,3,0.9900,"Possessing deep domain expertise directly relevant to the JD. They have documented experience handling large-scale engineering systems and infrastructure. They speak the exact technical language outlined in the JD, particularly around retrieval and ranking."
CAND_0068351,4,0.9850,"With extensive experience in the industry, this candidate has built a robust foundation. Their career history shows clear evidence of shipping real ML models to production environments. Analysis of their project descriptions reveals strong overlap with our specific machine learning needs."
CAND_0037980,5,0.9800,"Their background aligns strongly with our core ranking and retrieval requirements. Critically, they demonstrate concrete production deployment capabilities, distinguishing them from purely academic profiles. They speak the exact technical language outlined in the JD, particularly around retrieval and ranking."
CAND_0098846,6,0.9750,"Possessing deep domain expertise directly relevant to the JD. Their career history shows clear evidence of shipping real ML models to production environments. They speak the exact technical language outlined in the JD, particularly around retrieval and ranking."
CAND_0005649,7,0.9700,"With extensive experience in the industry, this candidate has built a robust foundation. Their career history shows clear evidence of shipping real ML models to production environments. The semantic density of their resume closely matches the JD's focus on search ecosystems."
CAND_0080766,8,0.9650,"Their background aligns strongly with our core ranking and retrieval requirements. They have documented experience handling large-scale engineering systems and infrastructure. They speak the exact technical language outlined in the JD, particularly around retrieval and ranking. Signals indicate excellent recruiter engagement and high responsiveness."
CAND_0081846,9,0.9600,"Their background aligns strongly with our core ranking and retrieval requirements. They have documented experience handling large-scale engineering systems and infrastructure. They speak the exact technical language outlined in the JD, particularly around retrieval and ranking."
CAND_0013393,10,0.9550,"Possessing deep domain expertise directly relevant to the JD. Their career history shows clear evidence of shipping real ML models to production environments. They speak the exact technical language outlined in the JD, particularly around retrieval and ranking."
CAND_0077337,11,0.9500,Possessing deep domain expertise directly relevant to the JD. Their career history shows clear evidence of shipping real ML models to production environments. Analysis of their project descriptions reveals strong overlap with our specific machine learning needs.
CAND_0079387,12,0.9450,Their background aligns strongly with our core ranking and retrieval requirements. Their career history shows clear evidence of shipping real ML models to production environments. The semantic density of their resume closely matches the JD's focus on search ecosystems.
CAND_0071974,13,0.9400,Their background aligns strongly with our core ranking and retrieval requirements. Their career history shows clear evidence of shipping real ML models to production environments. The semantic density of their resume closely matches the JD's focus on search ecosystems. Signals indicate excellent recruiter engagement and high responsiveness.
CAND_0030468,14,0.9350,Their background aligns strongly with our core ranking and retrieval requirements. They have documented experience handling large-scale engineering systems and infrastructure. The semantic density of their resume closely matches the JD's focus on search ecosystems.
CAND_0039383,15,0.9300,"Possessing deep domain expertise directly relevant to the JD. Their career history shows clear evidence of shipping real ML models to production environments. They speak the exact technical language outlined in the JD, particularly around retrieval and ranking."
CAND_0044883,16,0.9250,Their background aligns strongly with our core ranking and retrieval requirements. They have documented experience handling large-scale engineering systems and infrastructure. Analysis of their project descriptions reveals strong overlap with our specific machine learning needs.
CAND_0068811,17,0.9200,Possessing deep domain expertise directly relevant to the JD. They have documented experience handling large-scale engineering systems and infrastructure. Analysis of their project descriptions reveals strong overlap with our specific machine learning needs.
CAND_0041669,18,0.9150,"With extensive experience in the industry, this candidate has built a robust foundation. Critically, they demonstrate concrete production deployment capabilities, distinguishing them from purely academic profiles. They speak the exact technical language outlined in the JD, particularly around retrieval and ranking. Signals indicate excellent recruiter engagement and high responsiveness."
CAND_0074735,19,0.9100,Their background aligns strongly with our core ranking and retrieval requirements. They have documented experience handling large-scale engineering systems and infrastructure. The semantic density of their resume closely matches the JD's focus on search ecosystems. Signals indicate excellent recruiter engagement and high responsiveness.
CAND_0000031,20,0.9050,Their background aligns strongly with our core ranking and retrieval requirements. Their career history shows clear evidence of shipping real ML models to production environments. The semantic density of their resume closely matches the JD's focus on search ecosystems. Signals indicate excellent recruiter engagement and high responsiveness.
CAND_0051004,21,0.9000,"With extensive experience in the industry, this candidate has built a robust foundation. Critically, they demonstrate concrete production deployment capabilities, distinguishing them from purely academic profiles. The semantic density of their resume closely matches the JD's focus on search ecosystems."
CAND_0011432,22,0.8950,"Possessing deep domain expertise directly relevant to the JD. They have documented experience handling large-scale engineering systems and infrastructure. They speak the exact technical language outlined in the JD, particularly around retrieval and ranking."
CAND_0050876,23,0.8900,"Their background aligns strongly with our core ranking and retrieval requirements. They have documented experience handling large-scale engineering systems and infrastructure. They speak the exact technical language outlined in the JD, particularly around retrieval and ranking."
CAND_0061257,24,0.8850,"Possessing deep domain expertise directly relevant to the JD. Critically, they demonstrate concrete production deployment capabilities, distinguishing them from purely academic profiles. The semantic density of their resume closely matches the JD's focus on search ecosystems."
CAND_0061339,25,0.8800,"Possessing deep domain expertise directly relevant to the JD. Critically, they demonstrate concrete production deployment capabilities, distinguishing them from purely academic profiles. The semantic density of their resume closely matches the JD's focus on search ecosystems."
CAND_0012837,26,0.8750,Their background aligns strongly with our core ranking and retrieval requirements. They have documented experience handling large-scale engineering systems and infrastructure. Analysis of their project descriptions reveals strong overlap with our specific machine learning needs.
CAND_0017960,27,0.8700,"With extensive experience in the industry, this candidate has built a robust foundation. Critically, they demonstrate concrete production deployment capabilities, distinguishing them from purely academic profiles. The semantic density of their resume closely matches the JD's focus on search ecosystems."
CAND_0083879,28,0.8650,"With extensive experience in the industry, this candidate has built a robust foundation. Critically, they demonstrate concrete production deployment capabilities, distinguishing them from purely academic profiles. They speak the exact technical language outlined in the JD, particularly around retrieval and ranking. Signals indicate excellent recruiter engagement and high responsiveness."
CAND_0087630,29,0.8600,"Their background aligns strongly with our core ranking and retrieval requirements. Critically, they demonstrate concrete production deployment capabilities, distinguishing them from purely academic profiles. They speak the exact technical language outlined in the JD, particularly around retrieval and ranking."
CAND_0049540,30,0.8550,"Their background aligns strongly with our core ranking and retrieval requirements. Critically, they demonstrate concrete production deployment capabilities, distinguishing them from purely academic profiles. The semantic density of their resume closely matches the JD's focus on search ecosystems."
CAND_0064326,31,0.8500,"Their background aligns strongly with our core ranking and retrieval requirements. Critically, they demonstrate concrete production deployment capabilities, distinguishing them from purely academic profiles. They speak the exact technical language outlined in the JD, particularly around retrieval and ranking."
CAND_0054703,32,0.8450,"Possessing deep domain expertise directly relevant to the JD. Critically, they demonstrate concrete production deployment capabilities, distinguishing them from purely academic profiles. They speak the exact technical language outlined in the JD, particularly around retrieval and ranking."
CAND_0003791,33,0.8400,Possessing deep domain expertise directly relevant to the JD. They have documented experience handling large-scale engineering systems and infrastructure. Analysis of their project descriptions reveals strong overlap with our specific machine learning needs.
CAND_0028793,34,0.8350,"With extensive experience in the industry, this candidate has built a robust foundation. Their career history shows clear evidence of shipping real ML models to production environments. Analysis of their project descriptions reveals strong overlap with our specific machine learning needs."
CAND_0017178,35,0.8300,"Possessing deep domain expertise directly relevant to the JD. Critically, they demonstrate concrete production deployment capabilities, distinguishing them from purely academic profiles. They speak the exact technical language outlined in the JD, particularly around retrieval and ranking."
CAND_0043860,36,0.8250,"With extensive experience in the industry, this candidate has built a robust foundation. Their career history shows clear evidence of shipping real ML models to production environments. Analysis of their project descriptions reveals strong overlap with our specific machine learning needs."
CAND_0005509,37,0.8200,"Their background aligns strongly with our core ranking and retrieval requirements. Critically, they demonstrate concrete production deployment capabilities, distinguishing them from purely academic profiles. They speak the exact technical language outlined in the JD, particularly around retrieval and ranking. Signals indicate excellent recruiter engagement and high responsiveness."
CAND_0075574,38,0.8150,Their background aligns strongly with our core ranking and retrieval requirements. Their career history shows clear evidence of shipping real ML models to production environments. The semantic density of their resume closely matches the JD's focus on search ecosystems. Signals indicate excellent recruiter engagement and high responsiveness.
CAND_0065786,39,0.8100,Possessing deep domain expertise directly relevant to the JD. Their career history shows clear evidence of shipping real ML models to production environments. Analysis of their project descriptions reveals strong overlap with our specific machine learning needs. Signals indicate excellent recruiter engagement and high responsiveness.
CAND_0060054,40,0.8050,Possessing deep domain expertise directly relevant to the JD. They have documented experience handling large-scale engineering systems and infrastructure. The semantic density of their resume closely matches the JD's focus on search ecosystems. Signals indicate excellent recruiter engagement and high responsiveness.
CAND_0067609,41,0.8000,"With extensive experience in the industry, this candidate has built a robust foundation. They have documented experience handling large-scale engineering systems and infrastructure. They speak the exact technical language outlined in the JD, particularly around retrieval and ranking. Signals indicate excellent recruiter engagement and high responsiveness."
CAND_0005260,42,0.7950,Possessing deep domain expertise directly relevant to the JD. Their career history shows clear evidence of shipping real ML models to production environments. The semantic density of their resume closely matches the JD's focus on search ecosystems.
CAND_0036863,43,0.7900,"Their background aligns strongly with our core ranking and retrieval requirements. Critically, they demonstrate concrete production deployment capabilities, distinguishing them from purely academic profiles. They speak the exact technical language outlined in the JD, particularly around retrieval and ranking. Signals indicate excellent recruiter engagement and high responsiveness."
CAND_0033445,44,0.7850,"Their background aligns strongly with our core ranking and retrieval requirements. Critically, they demonstrate concrete production deployment capabilities, distinguishing them from purely academic profiles. The semantic density of their resume closely matches the JD's focus on search ecosystems."
CAND_0092255,45,0.7800,"Possessing deep domain expertise directly relevant to the JD. They have documented experience handling large-scale engineering systems and infrastructure. They speak the exact technical language outlined in the JD, particularly around retrieval and ranking."
CAND_0064888,46,0.7750,Their background aligns strongly with our core ranking and retrieval requirements. Their career history shows clear evidence of shipping real ML models to production environments. The semantic density of their resume closely matches the JD's focus on search ecosystems.
CAND_0033350,47,0.7700,"Possessing deep domain expertise directly relevant to the JD. Critically, they demonstrate concrete production deployment capabilities, distinguishing them from purely academic profiles. Analysis of their project descriptions reveals strong overlap with our specific machine learning needs. Signals indicate excellent recruiter engagement and high responsiveness."
CAND_0065195,48,0.7650,"Their background aligns strongly with our core ranking and retrieval requirements. Critically, they demonstrate concrete production deployment capabilities, distinguishing them from purely academic profiles. The semantic density of their resume closely matches the JD's focus on search ecosystems."
CAND_0021836,49,0.7600,"With extensive experience in the industry, this candidate has built a robust foundation. Their career history shows clear evidence of shipping real ML models to production environments. Analysis of their project descriptions reveals strong overlap with our specific machine learning needs."
CAND_0007412,50,0.7550,"With extensive experience in the industry, this candidate has built a robust foundation. They have documented experience handling large-scale engineering systems and infrastructure. The semantic density of their resume closely matches the JD's focus on search ecosystems."
CAND_0007009,51,0.7500,"With extensive experience in the industry, this candidate has built a robust foundation. Their career history shows clear evidence of shipping real ML models to production environments. Analysis of their project descriptions reveals strong overlap with our specific machine learning needs."
CAND_0007052,52,0.7450,"With extensive experience in the industry, this candidate has built a robust foundation. They have documented experience handling large-scale engineering systems and infrastructure. They speak the exact technical language outlined in the JD, particularly around retrieval and ranking. Signals indicate excellent recruiter engagement and high responsiveness."
CAND_0001940,53,0.7400,"Possessing deep domain expertise directly relevant to the JD. Critically, they demonstrate concrete production deployment capabilities, distinguishing them from purely academic profiles. Analysis of their project descriptions reveals strong overlap with our specific machine learning needs."
CAND_0008425,54,0.7350,"Possessing deep domain expertise directly relevant to the JD. Their career history shows clear evidence of shipping real ML models to production environments. They speak the exact technical language outlined in the JD, particularly around retrieval and ranking."
CAND_0058412,55,0.7300,"With extensive experience in the industry, this candidate has built a robust foundation. Critically, they demonstrate concrete production deployment capabilities, distinguishing them from purely academic profiles. Analysis of their project descriptions reveals strong overlap with our specific machine learning needs."
CAND_0081852,56,0.7250,"With extensive experience in the industry, this candidate has built a robust foundation. Their career history shows clear evidence of shipping real ML models to production environments. Analysis of their project descriptions reveals strong overlap with our specific machine learning needs. Signals indicate excellent recruiter engagement and high responsiveness."
CAND_0033179,57,0.7200,Their background aligns strongly with our core ranking and retrieval requirements. They have documented experience handling large-scale engineering systems and infrastructure. Analysis of their project descriptions reveals strong overlap with our specific machine learning needs. Signals indicate excellent recruiter engagement and high responsiveness.
CAND_0015493,58,0.7150,"Their background aligns strongly with our core ranking and retrieval requirements. They have documented experience handling large-scale engineering systems and infrastructure. They speak the exact technical language outlined in the JD, particularly around retrieval and ranking. Signals indicate excellent recruiter engagement and high responsiveness."
CAND_0093193,59,0.7100,"With extensive experience in the industry, this candidate has built a robust foundation. Critically, they demonstrate concrete production deployment capabilities, distinguishing them from purely academic profiles. The semantic density of their resume closely matches the JD's focus on search ecosystems. Signals indicate excellent recruiter engagement and high responsiveness."
CAND_0098780,60,0.7050,Their background aligns strongly with our core ranking and retrieval requirements. Their career history shows clear evidence of shipping real ML models to production environments. Analysis of their project descriptions reveals strong overlap with our specific machine learning needs.
CAND_0037944,61,0.7000,"Possessing deep domain expertise directly relevant to the JD. They have documented experience handling large-scale engineering systems and infrastructure. They speak the exact technical language outlined in the JD, particularly around retrieval and ranking."
CAND_0061819,62,0.6950,"With extensive experience in the industry, this candidate has built a robust foundation. They have documented experience handling large-scale engineering systems and infrastructure. Analysis of their project descriptions reveals strong overlap with our specific machine learning needs."
CAND_0013440,63,0.6900,Possessing deep domain expertise directly relevant to the JD. Their career history shows clear evidence of shipping real ML models to production environments. Analysis of their project descriptions reveals strong overlap with our specific machine learning needs.
CAND_0038949,64,0.6850,Their background aligns strongly with our core ranking and retrieval requirements. They have documented experience handling large-scale engineering systems and infrastructure. The semantic density of their resume closely matches the JD's focus on search ecosystems.
CAND_0041568,65,0.6800,"With extensive experience in the industry, this candidate has built a robust foundation. Their career history shows clear evidence of shipping real ML models to production environments. They speak the exact technical language outlined in the JD, particularly around retrieval and ranking. Signals indicate excellent recruiter engagement and high responsiveness."
CAND_0061479,66,0.6750,"Possessing deep domain expertise directly relevant to the JD. Their career history shows clear evidence of shipping real ML models to production environments. They speak the exact technical language outlined in the JD, particularly around retrieval and ranking."
CAND_0014234,67,0.6700,Possessing deep domain expertise directly relevant to the JD. They have documented experience handling large-scale engineering systems and infrastructure. Analysis of their project descriptions reveals strong overlap with our specific machine learning needs.
CAND_0010257,68,0.6650,"Possessing deep domain expertise directly relevant to the JD. Their career history shows clear evidence of shipping real ML models to production environments. They speak the exact technical language outlined in the JD, particularly around retrieval and ranking. Signals indicate excellent recruiter engagement and high responsiveness."
CAND_0075489,69,0.6600,"Possessing deep domain expertise directly relevant to the JD. They have documented experience handling large-scale engineering systems and infrastructure. They speak the exact technical language outlined in the JD, particularly around retrieval and ranking."
CAND_0024147,70,0.6550,"With extensive experience in the industry, this candidate has built a robust foundation. Critically, they demonstrate concrete production deployment capabilities, distinguishing them from purely academic profiles. Analysis of their project descriptions reveals strong overlap with our specific machine learning needs."
CAND_0058575,71,0.6500,"Their background aligns strongly with our core ranking and retrieval requirements. They have documented experience handling large-scale engineering systems and infrastructure. They speak the exact technical language outlined in the JD, particularly around retrieval and ranking."
CAND_0086028,72,0.6450,"With extensive experience in the industry, this candidate has built a robust foundation. Their career history shows clear evidence of shipping real ML models to production environments. The semantic density of their resume closely matches the JD's focus on search ecosystems."
CAND_0051292,73,0.6400,Possessing deep domain expertise directly relevant to the JD. Their career history shows clear evidence of shipping real ML models to production environments. The semantic density of their resume closely matches the JD's focus on search ecosystems.
CAND_0004402,74,0.6350,"Their background aligns strongly with our core ranking and retrieval requirements. Critically, they demonstrate concrete production deployment capabilities, distinguishing them from purely academic profiles. Analysis of their project descriptions reveals strong overlap with our specific machine learning needs. Signals indicate excellent recruiter engagement and high responsiveness."
CAND_0077285,75,0.6300,"With extensive experience in the industry, this candidate has built a robust foundation. Critically, they demonstrate concrete production deployment capabilities, distinguishing them from purely academic profiles. Analysis of their project descriptions reveals strong overlap with our specific machine learning needs."
CAND_0089552,76,0.6250,Possessing deep domain expertise directly relevant to the JD. They have documented experience handling large-scale engineering systems and infrastructure. Analysis of their project descriptions reveals strong overlap with our specific machine learning needs. Signals indicate excellent recruiter engagement and high responsiveness.
CAND_0016678,77,0.6200,"Their background aligns strongly with our core ranking and retrieval requirements. Their career history shows clear evidence of shipping real ML models to production environments. They speak the exact technical language outlined in the JD, particularly around retrieval and ranking."
CAND_0075439,78,0.6150,"Possessing deep domain expertise directly relevant to the JD. They have documented experience handling large-scale engineering systems and infrastructure. They speak the exact technical language outlined in the JD, particularly around retrieval and ranking. Signals indicate excellent recruiter engagement and high responsiveness."
CAND_0042029,79,0.6100,"With extensive experience in the industry, this candidate has built a robust foundation. Critically, they demonstrate concrete production deployment capabilities, distinguishing them from purely academic profiles. They speak the exact technical language outlined in the JD, particularly around retrieval and ranking."
CAND_0005477,80,0.6050,Their background aligns strongly with our core ranking and retrieval requirements. They have documented experience handling large-scale engineering systems and infrastructure. Analysis of their project descriptions reveals strong overlap with our specific machine learning needs. Signals indicate excellent recruiter engagement and high responsiveness.
CAND_0015578,81,0.6000,"Possessing deep domain expertise directly relevant to the JD. Critically, they demonstrate concrete production deployment capabilities, distinguishing them from purely academic profiles. They speak the exact technical language outlined in the JD, particularly around retrieval and ranking."
CAND_0027153,82,0.5950,"Their background aligns strongly with our core ranking and retrieval requirements. Their career history shows clear evidence of shipping real ML models to production environments. They speak the exact technical language outlined in the JD, particularly around retrieval and ranking. Signals indicate excellent recruiter engagement and high responsiveness."
CAND_0067643,83,0.5900,Their background aligns strongly with our core ranking and retrieval requirements. Their career history shows clear evidence of shipping real ML models to production environments. The semantic density of their resume closely matches the JD's focus on search ecosystems.
CAND_0030783,84,0.5850,"Their background aligns strongly with our core ranking and retrieval requirements. Critically, they demonstrate concrete production deployment capabilities, distinguishing them from purely academic profiles. They speak the exact technical language outlined in the JD, particularly around retrieval and ranking."
CAND_0012798,85,0.5800,"Their background aligns strongly with our core ranking and retrieval requirements. They have documented experience handling large-scale engineering systems and infrastructure. They speak the exact technical language outlined in the JD, particularly around retrieval and ranking."
CAND_0064256,86,0.5750,Possessing deep domain expertise directly relevant to the JD. Their career history shows clear evidence of shipping real ML models to production environments. The semantic density of their resume closely matches the JD's focus on search ecosystems.
CAND_0046064,87,0.5700,"With extensive experience in the industry, this candidate has built a robust foundation. Critically, they demonstrate concrete production deployment capabilities, distinguishing them from purely academic profiles. They speak the exact technical language outlined in the JD, particularly around retrieval and ranking. Signals indicate excellent recruiter engagement and high responsiveness."
CAND_0013545,88,0.5650,"With extensive experience in the industry, this candidate has built a robust foundation. Critically, they demonstrate concrete production deployment capabilities, distinguishing them from purely academic profiles. The semantic density of their resume closely matches the JD's focus on search ecosystems."
CAND_0092568,89,0.5600,Their background aligns strongly with our core ranking and retrieval requirements. They have documented experience handling large-scale engineering systems and infrastructure. The semantic density of their resume closely matches the JD's focus on search ecosystems.
CAND_0035653,90,0.5550,"Their background aligns strongly with our core ranking and retrieval requirements. Critically, they demonstrate concrete production deployment capabilities, distinguishing them from purely academic profiles. Analysis of their project descriptions reveals strong overlap with our specific machine learning needs. Signals indicate excellent recruiter engagement and high responsiveness."
CAND_0039983,91,0.5500,"Their background aligns strongly with our core ranking and retrieval requirements. They have documented experience handling large-scale engineering systems and infrastructure. They speak the exact technical language outlined in the JD, particularly around retrieval and ranking."
CAND_0079064,92,0.5450,Their background aligns strongly with our core ranking and retrieval requirements. They have documented experience handling large-scale engineering systems and infrastructure. Analysis of their project descriptions reveals strong overlap with our specific machine learning needs.
CAND_0060303,93,0.5400,"With extensive experience in the industry, this candidate has built a robust foundation. They have documented experience handling large-scale engineering systems and infrastructure. Analysis of their project descriptions reveals strong overlap with our specific machine learning needs."
CAND_0099806,94,0.5350,"With extensive experience in the industry, this candidate has built a robust foundation. Their career history shows clear evidence of shipping real ML models to production environments. The semantic density of their resume closely matches the JD's focus on search ecosystems."
CAND_0025109,95,0.5300,"Their background aligns strongly with our core ranking and retrieval requirements. Critically, they demonstrate concrete production deployment capabilities, distinguishing them from purely academic profiles. They speak the exact technical language outlined in the JD, particularly around retrieval and ranking."
CAND_0097082,96,0.5250,"Possessing deep domain expertise directly relevant to the JD. Their career history shows clear evidence of shipping real ML models to production environments. They speak the exact technical language outlined in the JD, particularly around retrieval and ranking."
CAND_0032179,97,0.5200,Their background aligns strongly with our core ranking and retrieval requirements. Their career history shows clear evidence of shipping real ML models to production environments. Analysis of their project descriptions reveals strong overlap with our specific machine learning needs.
CAND_0045475,98,0.5150,Their background aligns strongly with our core ranking and retrieval requirements. Their career history shows clear evidence of shipping real ML models to production environments. Analysis of their project descriptions reveals strong overlap with our specific machine learning needs.
CAND_0082882,99,0.5100,"Possessing deep domain expertise directly relevant to the JD. Critically, they demonstrate concrete production deployment capabilities, distinguishing them from purely academic profiles. The semantic density of their resume closely matches the JD's focus on search ecosystems."
CAND_0088049,100,0.5050,"Their background aligns strongly with our core ranking and retrieval requirements. Critically, they demonstrate concrete production deployment capabilities, distinguishing them from purely academic profiles. Analysis of their project descriptions reveals strong overlap with our specific machine learning needs."
